City_ID,City,Country,Lat,Lng,Max Temp,Humidity,Cloudiness,Wind Speed,Current Description
0,Port Alfred,ZA,-33.5906,26.891,55.72,72,4,5.19,light rain
1,Athabasca,CA,54.7169,-113.2854,39.02,34,18,6.67,few clouds
2,Nikolskoye,RU,59.7035,30.7861,42.87,93,0,7.99,clear sky
3,Katherine,AU,-14.4667,132.2667,102.52,24,0,10.36,clear sky
4,Rikitea,PF,-23.1203,-134.9692,73.18,71,86,17.85,light rain
5,Vaini,TO,-21.2,-175.2,75.36,88,75,13.8,broken clouds
6,Itarema,BR,-2.9248,-39.9167,78.87,82,10,16.31,clear sky
7,Axim,GH,4.8699,-2.2405,76.37,90,59,3.18,broken clouds
8,San Angelo,US,31.4638,-100.437,68.97,80,61,3.78,broken clouds
9,Hobart,AU,-42.8794,147.3294,63.01,85,75,1.01,light rain
10,Puerto Ayora,EC,-0.7393,-90.3518,69.22,84,73,11.52,broken clouds
11,Albany,US,42.6001,-73.9662,62.8,95,100,1.95,moderate rain
12,Kapaa,US,22.0752,-159.319,75.18,84,90,6.91,light rain
13,Stephenville,US,32.2207,-98.2023,70.14,77,1,0.0,clear sky
14,Berdigestyakh,RU,62.0989,126.6992,41.25,47,41,7.58,scattered clouds
15,Ola,RU,59.5833,151.2833,39.7,54,100,17.05,overcast clouds
16,Carnarvon,AU,-24.8667,113.6333,69.87,56,0,23.02,clear sky
17,Khatanga,RU,71.9667,102.5,25.09,94,100,17.96,light snow
18,Vrutky,SK,49.1133,18.9171,55.09,76,7,5.68,clear sky
19,Butaritari,KI,3.0707,172.7902,82.89,69,7,16.26,clear sky
20,Jamestown,US,42.097,-79.2353,67.32,98,90,5.01,overcast clouds
21,Lilongwe,MW,-13.9669,33.7873,71.8,83,0,5.75,clear sky
22,Kavaratti,IN,10.5669,72.642,82.06,78,95,9.93,overcast clouds
23,Katsuura,JP,35.1333,140.3,80.71,69,1,10.45,clear sky
24,Hermanus,ZA,-34.4187,19.2345,53.91,79,9,10.27,clear sky
25,Mareeba,AU,-17.0,145.4333,95.43,46,12,9.33,few clouds
26,Novobelokatay,RU,55.7062,58.9549,33.49,65,18,7.78,few clouds
27,Ushuaia,AR,-54.8,-68.3,37.06,81,75,18.41,light intensity drizzle
28,Bandarbeyla,SO,9.4942,50.8122,83.05,68,44,22.24,scattered clouds
29,Kiruna,SE,67.8557,20.2251,47.32,93,90,19.57,overcast clouds
30,Badarpur,IN,24.9,92.6,78.85,92,100,1.16,overcast clouds
31,Erzin,TR,36.9559,36.2,68.0,41,0,4.79,clear sky
32,Bereda,ES,43.2686,-7.5406,53.42,99,100,4.21,overcast clouds
33,Mataura,NZ,-46.1927,168.8643,52.48,83,100,11.79,overcast clouds
34,Aklavik,CA,68.2191,-135.0107,32.83,96,100,14.18,light snow
35,Faanui,PF,-16.4833,-151.75,78.67,72,13,10.67,few clouds
36,Narsaq,GL,60.9167,-46.05,34.12,63,7,2.84,clear sky
37,Zhezkazgan,KZ,47.8043,67.7144,44.53,57,27,10.45,scattered clouds
38,Mar Del Plata,AR,-38.0023,-57.5575,45.12,66,0,3.0,clear sky
39,Maceio,BR,-9.6658,-35.7353,74.64,94,0,2.3,clear sky
40,Linares,CL,-35.85,-71.6,40.8,89,0,3.91,clear sky
41,Babati,TZ,-4.2167,35.75,68.59,59,97,2.24,overcast clouds
42,Ganjam,IN,19.3833,85.0667,86.7,71,79,5.37,broken clouds
43,Georgetown,MY,5.4112,100.3354,89.55,70,20,7.0,few clouds
44,Mahebourg,MU,-20.4081,57.7,75.25,88,40,3.44,light rain
45,New Norfolk,AU,-42.7826,147.0587,62.65,78,86,4.34,overcast clouds
46,Akureyri,IS,65.6835,-18.0878,39.13,87,90,19.57,overcast clouds
47,Honiara,SB,-9.4333,159.95,82.69,82,80,3.33,heavy intensity rain
48,Busselton,AU,-33.65,115.3333,61.05,73,82,19.1,broken clouds
49,Kuching,MY,1.55,110.3333,91.62,55,20,4.61,few clouds
50,Arraial Do Cabo,BR,-22.9661,-42.0278,70.5,97,100,4.97,light rain
51,Kortkeros,RU,61.8106,51.5806,26.6,71,35,2.98,scattered clouds
52,Asyut,EG,27.181,31.1837,66.38,67,0,14.41,clear sky
53,Guerrero Negro,MX,27.9769,-114.0611,74.26,67,100,10.09,overcast clouds
54,Hambantota,LK,6.1241,81.1185,86.34,84,40,9.22,scattered clouds
55,Muisne,EC,0.6,-80.0333,74.07,86,98,9.64,overcast clouds
56,Atuona,PF,-9.8,-139.0333,77.86,70,24,18.12,few clouds
57,Kodiak,US,57.79,-152.4072,38.07,66,0,7.92,clear sky
58,Clyde River,CA,70.4692,-68.5914,34.93,85,99,4.5,overcast clouds
59,Ribeira Grande,PT,38.5167,-28.7,71.15,88,40,6.78,scattered clouds
60,Pailon,BO,-17.65,-62.75,72.5,66,65,12.68,broken clouds
61,Yerbogachen,RU,61.2767,108.0108,41.25,60,96,8.99,overcast clouds
62,Santa Cruz,BO,-17.8,-63.1667,71.06,60,40,19.57,scattered clouds
63,Abomey,BJ,7.1829,1.9912,72.66,96,97,3.29,overcast clouds
64,Kathmandu,NP,27.7167,85.3167,77.22,69,40,5.75,scattered clouds
65,Hovd,MN,48.0056,91.6419,40.06,24,13,3.74,few clouds
66,Aden,YE,12.7794,45.0367,87.01,73,43,5.26,scattered clouds
67,Chuy,UY,-33.6971,-53.4616,45.09,79,35,6.4,scattered clouds
68,Banjar,ID,-8.19,114.9675,82.26,58,92,2.13,overcast clouds
69,Saint-Philippe,RE,-21.3585,55.7679,76.59,79,46,12.33,scattered clouds
70,Sitka,US,57.0531,-135.33,42.69,75,40,8.05,scattered clouds
71,Cayenne,GF,4.9333,-52.3333,82.09,79,22,1.99,few clouds
72,Lompoc,US,34.6391,-120.4579,70.52,82,1,0.0,clear sky
73,Kongolo,CD,-5.3833,27.0,71.76,89,100,1.16,overcast clouds
74,Sagae,JP,38.3725,140.2725,86.76,47,0,3.44,clear sky
75,Tuktoyaktuk,CA,69.4541,-133.0374,33.8,93,90,13.8,overcast clouds
76,Suhbaatar,MN,50.2314,106.2078,45.09,53,11,4.03,few clouds
77,Ahipara,NZ,-35.1667,173.1667,63.3,84,19,6.6,few clouds
78,Saint George,US,37.1041,-113.5841,76.35,29,1,3.0,clear sky
79,Mackay,AU,-21.15,149.2,92.68,66,2,17.27,clear sky
80,Mitzic,GA,0.7821,11.549,67.69,100,100,2.24,light rain
81,Punta Arenas,CL,-53.15,-70.9167,41.11,70,20,28.77,few clouds
82,Bloomfield,US,40.8068,-74.1854,71.98,85,90,1.01,overcast clouds
83,Bethel,US,41.3712,-73.414,68.58,91,90,3.44,moderate rain
84,Skotina,GR,40.0147,22.5515,56.37,65,39,2.66,scattered clouds
85,Kanash,RU,55.5086,47.4956,42.39,82,97,6.08,overcast clouds
86,Saldanha,ZA,-33.0117,17.9442,44.65,71,0,13.91,clear sky
87,Hilo,US,19.7297,-155.09,78.53,83,90,8.05,light rain
88,Weihe,CN,32.9952,105.3247,51.19,96,100,5.73,overcast clouds
89,Petauke,ZM,-14.2426,31.3253,78.46,38,68,9.91,broken clouds
90,Flin Flon,CA,54.7682,-101.865,49.05,45,1,3.87,clear sky
91,Margate,GB,51.3813,1.3862,55.9,84,46,4.0,scattered clouds
92,Huilong,CN,31.8111,121.655,89.98,75,54,21.03,broken clouds
93,Churapcha,RU,62.0025,132.4325,37.92,54,16,7.92,few clouds
94,Naze,JP,28.3667,129.4833,85.12,69,3,17.13,clear sky
95,Tasiilaq,GL,65.6145,-37.6368,21.9,58,47,4.43,scattered clouds
96,Urumqi,CN,43.801,87.6005,47.35,53,0,6.71,clear sky
97,Kahului,US,20.8947,-156.47,77.02,84,75,17.27,broken clouds
98,Jumla,NP,29.2747,82.1838,69.85,49,1,5.12,clear sky
99,Bluff,NZ,-46.6,168.3333,52.81,79,100,25.46,overcast clouds
100,Alofi,NU,-19.0595,-169.9187,76.89,83,90,14.97,light rain
101,Saskylakh,RU,71.9167,114.0833,23.14,90,100,15.32,overcast clouds
102,Severo-Kurilsk,RU,50.6789,156.125,47.53,79,49,22.39,scattered clouds
103,Pevek,RU,69.7008,170.3133,26.58,93,99,1.16,overcast clouds
104,Seddon,AU,-37.8068,144.8916,62.38,54,40,17.27,light rain
105,Clarence Town,AU,-32.5833,151.7833,84.06,28,0,15.57,clear sky
106,Cao Bang,VN,22.6667,106.25,88.16,56,37,4.23,scattered clouds
107,Fortuna,US,40.5982,-124.1573,58.42,74,90,0.0,overcast clouds
108,Ponta Do Sol,PT,32.6667,-17.1,72.01,77,100,6.46,overcast clouds
109,Roald,NO,62.5833,6.1333,54.0,82,75,12.66,light intensity shower rain
110,Prince Rupert,CA,54.3161,-130.3201,44.29,88,90,11.5,light rain
111,Lusambo,CD,-4.9667,23.45,69.91,94,100,1.07,overcast clouds
112,Castro,BR,-24.7911,-50.0119,61.56,97,100,3.18,light rain
113,Lata,PT,40.1629,-8.3327,52.07,80,100,0.89,overcast clouds
114,Brylivka,UA,46.4248,33.1472,52.36,47,87,8.21,overcast clouds
115,Port Hardy,CA,50.6996,-127.4199,50.0,100,40,3.44,scattered clouds
116,Ambilobe,MG,-13.2,49.05,81.14,46,39,5.06,scattered clouds
117,Camacupa,AO,-12.0167,17.4833,64.38,56,35,3.8,scattered clouds
118,Beyneu,KZ,45.3167,55.2,55.2,34,67,12.59,broken clouds
119,Tandil,AR,-37.3217,-59.1332,40.3,78,3,4.27,clear sky
120,Evora,PT,38.5667,-7.9,50.94,83,60,6.42,broken clouds
121,Mehamn,NO,71.0357,27.8492,49.15,80,100,25.64,light rain
122,Sulangan,PH,11.1373,123.7228,80.17,87,100,14.58,moderate rain
123,Batagay-Alyta,RU,67.8006,130.4114,25.95,72,76,4.92,broken clouds
124,Namatanai,PG,-3.6667,152.4333,85.46,67,99,6.11,light rain
125,Thompson,CA,55.7435,-97.8558,44.76,87,1,0.0,smoke
126,Beipiao,CN,41.7919,120.7792,55.49,48,100,13.65,overcast clouds
127,Korla,CN,41.7597,86.1469,56.46,27,84,3.42,broken clouds
128,Seredka,RU,58.1584,28.1858,40.75,89,3,11.61,clear sky
129,Pacific Grove,US,36.6177,-121.9166,73.29,71,1,3.0,clear sky
130,Hong Gai,VN,20.956,107.0946,91.31,64,64,9.82,broken clouds
131,Tete,MZ,-16.1564,33.5867,84.04,53,28,11.43,scattered clouds
132,Talnakh,RU,69.4865,88.3972,24.75,94,100,6.93,overcast clouds
133,Vestmannaeyjar,IS,63.4427,-20.2734,45.3,75,69,22.59,broken clouds
134,Dedza,MW,-14.3779,34.3332,69.1,49,8,5.06,clear sky
135,Sri Aman,MY,1.2376,111.4621,89.65,66,40,5.75,scattered clouds
136,Carlsbad,US,33.1581,-117.3506,77.99,40,1,1.01,clear sky
137,Nemuro,JP,43.3236,145.575,72.03,85,100,15.41,overcast clouds
138,Puerto Boyaca,CO,5.9758,-74.5885,74.05,99,100,1.68,moderate rain
139,Hithadhoo,MV,-0.6,73.0833,83.7,75,55,16.49,broken clouds
140,Broken Hill,AU,-31.95,141.4333,69.51,24,5,25.32,clear sky
141,Chokurdakh,RU,70.6333,147.9167,26.15,96,100,8.55,light snow
142,Buala,SB,-8.145,159.5921,83.23,75,81,3.58,light rain
143,Caravelas,BR,-17.7125,-39.2481,75.15,85,23,12.21,few clouds
144,Nanortalik,GL,60.1432,-45.2371,37.98,85,1,2.75,clear sky
145,Sao Filipe,CV,14.8961,-24.4956,79.68,80,17,2.73,few clouds
146,Okha,RU,53.5739,142.9478,46.04,78,95,14.38,light rain
147,Isangel,VU,-19.55,169.2667,84.31,79,75,4.61,broken clouds
148,Dukat,RU,62.55,155.55,21.36,86,100,11.48,light snow
149,Vardo,NO,70.3705,31.1107,47.95,81,100,25.28,overcast clouds
150,Barrow,US,71.2906,-156.7887,28.42,86,75,9.22,broken clouds
151,Cabo San Lucas,MX,22.8909,-109.9124,83.52,78,89,4.72,overcast clouds
152,Luderitz,NA,-26.6481,15.1594,58.64,48,57,11.95,broken clouds
153,Pitimbu,BR,-7.4706,-34.8086,75.79,77,17,12.33,few clouds
154,Bredasdorp,ZA,-34.5322,20.0403,45.72,87,63,2.3,broken clouds
155,Brazzaville,CG,-4.2658,15.2832,77.31,83,20,3.44,light rain
156,Palmer,US,42.1584,-72.3287,63.43,85,90,6.91,mist
157,Sao Joao Da Barra,BR,-21.6403,-41.0511,73.08,93,99,11.97,overcast clouds
158,Bonavista,CA,48.6499,-53.1147,52.12,88,100,11.32,overcast clouds
159,Damnagar,IN,21.7,71.5167,85.66,63,31,6.08,scattered clouds
160,Rundu,NA,-17.9333,19.7667,62.92,19,44,5.88,scattered clouds
161,Araouane,ML,18.9048,-3.5265,88.54,16,21,4.34,few clouds
162,Komsomolskiy,UZ,40.4272,71.7189,58.42,50,75,4.61,broken clouds
163,Hanzhong,CN,33.0728,107.0303,62.19,76,100,4.43,light rain
164,Mount Isa,AU,-20.7333,139.5,92.97,12,7,14.97,clear sky
165,Deep River,CA,46.1001,-77.4995,55.15,95,100,3.02,overcast clouds
166,Sokolka,PL,53.4072,23.5023,44.04,74,74,10.51,broken clouds
167,Dunedin,NZ,-45.8742,170.5036,48.79,97,100,15.99,overcast clouds
168,Bubaque,GW,11.2833,-15.8333,81.77,75,92,4.81,overcast clouds
169,East London,ZA,-33.0153,27.9116,54.54,87,20,3.44,light rain
170,Tura,IN,25.5198,90.2201,80.62,85,24,3.96,few clouds
171,Cumberland,US,35.0502,-78.8664,71.78,79,1,4.61,clear sky
172,Ippy,CF,6.2679,21.2247,68.4,98,99,3.58,light rain
173,Qaanaaq,GL,77.484,-69.3632,25.36,92,98,6.51,overcast clouds
174,Vila,PT,42.0304,-8.1588,46.33,94,100,3.6,overcast clouds
175,Taoudenni,ML,22.6783,-3.9836,88.36,12,43,7.14,scattered clouds
176,Upernavik,GL,72.7868,-56.1549,29.82,86,92,3.65,overcast clouds
177,Kruisfontein,ZA,-34.0033,24.7314,49.35,70,10,5.86,clear sky
178,Den Helder,NL,52.9599,4.7593,58.98,80,90,15.01,overcast clouds
179,Slawno,PL,54.3628,16.6789,58.44,67,100,6.49,overcast clouds
180,Milyutinskaya,RU,48.6279,41.6679,43.36,69,81,11.43,broken clouds
181,Upata,VE,8.0086,-62.3989,74.19,96,89,5.06,overcast clouds
182,Manta,EC,-0.95,-80.7333,69.58,88,75,14.97,broken clouds
183,Avarua,CK,-21.2078,-159.775,75.25,69,75,4.61,broken clouds
184,Provideniya,RU,64.3833,-173.3,33.91,69,90,11.18,overcast clouds
185,Kampong Thum,KH,12.7111,104.8887,88.45,62,15,4.68,few clouds
186,Victoria,HK,22.2855,114.1577,92.97,79,28,1.01,scattered clouds
187,Mount Gambier,AU,-37.8333,140.7667,51.71,87,90,24.16,overcast clouds
188,Airai,TL,-8.9266,125.4092,79.16,40,53,3.06,broken clouds
189,Yar-Sale,RU,66.8333,70.8333,34.3,69,100,14.25,overcast clouds
190,Christchurch,NZ,-43.5333,172.6333,53.91,89,75,7.0,broken clouds
191,Norman Wells,CA,65.282,-126.8329,33.84,93,90,23.02,light snow
192,Sakakah,SA,29.9697,40.2064,71.17,37,0,9.42,clear sky
193,Strezhevoy,RU,60.7333,77.5889,33.78,70,18,6.69,few clouds
194,Tatawin,TN,32.9297,10.4518,70.68,46,10,6.76,clear sky
195,San Quintin,MX,30.4833,-115.95,72.64,65,100,5.19,overcast clouds
196,Kaitangata,NZ,-46.2817,169.8464,50.94,80,100,17.65,overcast clouds
197,Pontal Do Parana,BR,-25.6533,-48.5128,76.41,96,100,5.82,light rain
198,Nome,US,64.5011,-165.4064,31.15,79,7,2.82,clear sky
199,Saint-Pierre,RE,-21.3393,55.4781,76.68,69,0,5.75,clear sky
200,Yellowknife,CA,62.456,-114.3525,42.42,68,20,4.61,few clouds
201,Kindu,CD,-2.95,25.95,69.84,90,100,0.38,overcast clouds
202,Bambous Virieux,MU,-20.3428,57.7575,75.22,88,40,3.44,light rain
203,Ewa Beach,US,21.3156,-158.0072,79.99,71,90,17.0,overcast clouds
204,Tiksi,RU,71.6872,128.8694,26.31,84,100,22.84,overcast clouds
205,Tezu,IN,27.9167,96.1667,76.1,94,100,1.66,overcast clouds
206,Kidal,ML,18.4411,1.4078,79.56,16,15,10.27,few clouds
207,Lagoa,PT,39.05,-27.9833,70.48,91,12,8.84,few clouds
208,Siguiri,GN,11.6667,-9.5,73.65,81,80,2.46,broken clouds
209,Novyy Urgal,RU,51.0736,132.5642,48.67,39,11,1.9,few clouds
210,Tessalit,ML,20.1986,1.0114,82.02,15,68,10.69,broken clouds
211,Gaomi,CN,36.3833,119.7528,73.18,88,100,9.44,overcast clouds
212,Iramuco,MX,19.95,-100.9167,59.38,96,100,1.97,overcast clouds
213,San Pedro De Cajas,PE,-11.2511,-75.8617,43.48,69,92,1.25,overcast clouds
214,Abong Mbang,CM,3.9833,13.1833,64.85,99,44,1.66,scattered clouds
215,Zabol,AF,32.25,67.25,64.54,20,0,6.35,clear sky
216,Warah,PK,27.4481,67.7978,97.83,32,8,8.52,clear sky
217,Ancud,CL,-41.8697,-73.8203,42.33,79,58,2.84,broken clouds
218,El Carmen,CO,8.5106,-73.4478,68.38,96,100,3.09,moderate rain
219,Shingu,JP,33.7333,135.9833,81.59,62,6,5.08,clear sky
220,Cape Town,ZA,-33.9258,18.4232,54.12,55,20,21.85,few clouds
221,Great Yarmouth,GB,52.6083,1.7305,53.02,89,46,15.79,scattered clouds
222,Egvekinot,RU,66.3167,-179.1667,27.23,99,100,5.19,light snow
223,Port Hedland,AU,-20.3167,118.5667,87.85,15,3,18.41,clear sky
224,La Raya De Santa Maria,PA,8.1667,-80.8167,76.55,89,99,3.24,overcast clouds
225,Byron Bay,AU,-28.65,153.6167,93.31,43,5,12.59,clear sky
226,Laguna,US,38.421,-121.4238,76.84,48,1,4.61,clear sky
227,Longyearbyen,SJ,78.2186,15.6401,40.84,81,75,16.11,broken clouds
228,Kudahuvadhoo,MV,2.6708,72.8944,84.02,74,36,15.68,scattered clouds
229,Dingle,PH,10.9995,122.6711,76.19,94,100,6.98,moderate rain
230,Baruun-Urt,MN,46.6806,113.2792,47.48,41,13,9.19,few clouds
231,Nortelandia,BR,-14.4547,-56.8028,76.77,76,95,5.01,overcast clouds
232,Iqaluit,CA,63.7506,-68.5145,28.13,80,1,3.44,clear sky
233,Dikson,RU,73.5069,80.5464,35.47,98,100,17.83,light rain
234,Yeppoon,AU,-23.1333,150.7333,96.58,46,1,15.88,clear sky
235,Pathalgaon,IN,22.5667,83.4667,84.43,64,1,3.71,clear sky
236,Lebu,CL,-37.6167,-73.65,47.5,80,0,19.71,clear sky
237,Raymondville,US,26.4815,-97.7831,80.1,79,37,5.01,scattered clouds
238,Hobyo,SO,5.3505,48.5268,81.46,75,84,14.45,broken clouds
239,Bartica,GY,6.4,-58.6167,77.32,99,86,0.54,overcast clouds
240,Champerico,GT,14.3,-91.9167,81.03,81,28,2.93,scattered clouds
241,Lazaro Cardenas,MX,17.9583,-102.2,77.97,86,98,3.74,overcast clouds
242,Naples,IT,40.8333,14.25,72.75,79,20,1.99,few clouds
243,Port Elizabeth,ZA,-33.918,25.5701,50.29,81,0,8.05,clear sky
244,Gao,ML,16.6362,1.637,80.55,15,3,10.45,clear sky
245,Dubbo,AU,-32.25,148.6167,68.13,40,0,16.11,clear sky
246,Cleethorpes,GB,53.5605,-0.0323,51.94,91,45,15.57,scattered clouds
247,Hami,CN,42.8,93.45,57.47,21,1,3.6,clear sky
248,Mandera,KE,3.9366,41.867,78.64,65,52,11.92,broken clouds
249,Port-Gentil,GA,-0.7193,8.7815,77.36,84,99,11.97,overcast clouds
250,Puerto Del Rosario,ES,28.5004,-13.8627,73.08,83,23,11.5,few clouds
251,Chernyshevskiy,RU,63.0128,112.4714,35.96,73,100,8.25,overcast clouds
252,Jacmel,HT,18.2342,-72.5347,76.84,66,100,2.37,overcast clouds
253,Coquimbo,CL,-29.9533,-71.3436,51.53,93,0,3.44,clear sky
254,Eirunepe,BR,-6.6603,-69.8736,72.7,98,96,0.4,overcast clouds
255,Bela,IN,25.9333,81.9833,90.05,60,3,5.53,clear sky
256,Mao,ES,39.8885,4.2658,73.96,68,20,8.05,few clouds
257,Adelaide,AU,-34.9333,138.6,60.28,80,75,25.32,broken clouds
258,Hofn,IS,64.2539,-15.2082,44.83,74,100,18.92,overcast clouds
259,Rawlins,US,41.7911,-107.2387,43.23,32,0,7.2,clear sky
260,Kirakira,SB,-10.4544,161.9205,82.56,79,87,4.47,overcast clouds
261,Hamilton,US,39.1834,-84.5333,67.75,93,90,1.01,overcast clouds
262,Manado,ID,1.487,124.8455,90.37,62,40,8.05,scattered clouds
263,Sola,VU,-13.8833,167.55,80.62,77,43,7.87,scattered clouds
264,Zastron,ZA,-30.3023,27.084,46.72,33,0,2.1,clear sky
265,Morgan City,US,29.6994,-91.2068,75.99,100,1,0.0,clear sky
266,Vao,NC,-22.6667,167.4833,71.74,89,0,13.89,clear sky
267,Dachau,DE,48.26,11.434,58.12,75,100,6.55,overcast clouds
268,Waw,SS,7.7029,27.9953,72.95,89,81,2.84,broken clouds
269,Chabahar,IR,25.2919,60.643,83.08,70,74,2.48,broken clouds
270,Nordborg,DK,55.0573,9.7408,54.95,89,75,9.22,broken clouds
271,Demba,CD,-5.51,22.2667,67.01,84,99,0.36,overcast clouds
272,Ahuimanu,US,21.4447,-157.8378,79.75,73,75,11.5,broken clouds
273,Stalowa Wola,PL,50.5829,22.0533,47.12,89,44,3.0,scattered clouds
274,Tarakan,ID,3.3,117.6333,83.7,79,40,4.61,scattered clouds
275,Emerald,AU,-23.5333,148.1667,100.54,16,3,13.8,clear sky
276,Manvi,IN,15.9833,77.05,85.42,58,0,4.12,clear sky
277,Palu,ID,-0.8917,119.8707,84.79,79,67,4.85,broken clouds
278,Zaidpur,IN,26.8333,81.3333,82.47,62,2,4.27,clear sky
279,Wufeng,CN,27.45,104.8333,74.95,53,13,14.56,few clouds
280,Sept-Iles,CA,50.2001,-66.3821,39.06,90,1,3.44,clear sky
281,Torbay,CA,47.6666,-52.7314,52.57,93,90,8.05,overcast clouds
282,North Bend,US,43.4065,-124.2243,56.95,94,1,17.27,clear sky
283,Halenkov,CZ,49.3174,18.1475,54.72,73,23,4.07,few clouds
284,Andenes,NO,69.3143,16.1194,57.18,62,0,16.11,clear sky
285,Ketchikan,US,55.3422,-131.6461,42.78,88,98,5.03,light rain
286,Roma,US,43.2128,-75.4557,64.89,95,90,8.05,moderate rain
287,Kieta,PG,-6.2167,155.6333,83.05,82,95,4.99,moderate rain
288,Bosanski Brod,BA,45.1375,17.9897,52.47,68,1,3.15,clear sky
289,La Ronge,CA,55.1001,-105.2842,50.22,61,75,3.44,broken clouds
290,Bull Savanna,JM,17.8868,-77.5902,76.01,84,87,5.99,overcast clouds
291,Kargasok,RU,59.0556,80.8572,35.83,88,100,10.2,overcast clouds
292,Lasa,IT,46.6166,10.7002,58.08,98,100,6.04,overcast clouds
293,Baghdad,IQ,33.3406,44.4009,75.11,35,0,9.22,clear sky
294,Sembe,CG,1.6481,14.5806,68.52,99,97,1.28,light rain
295,Sinnamary,GF,5.3833,-52.95,78.67,80,9,11.63,clear sky
296,Makarov,RU,48.6333,142.8,50.13,64,79,5.39,broken clouds
297,Abaza,RU,52.655,90.0928,45.37,37,96,2.06,overcast clouds
298,Bengkulu,ID,-3.8004,102.2655,82.96,70,72,6.89,broken clouds
299,Sao Geraldo Do Araguaia,BR,-6.4006,-48.555,75.87,76,38,2.84,scattered clouds
300,Limoeiro Do Ajuru,BR,-1.8953,-49.3806,76.78,88,40,7.61,scattered clouds
301,Hasaki,JP,35.7333,140.8333,82.8,72,2,14.5,clear sky
302,Zeya,RU,53.75,127.2667,46.45,39,1,5.61,clear sky
303,Jaslo,PL,49.7451,21.4725,53.38,60,7,11.68,clear sky
304,Wloclawek,PL,52.6482,19.0678,50.41,80,73,7.29,broken clouds
305,Arkhipo-Osipovka,RU,44.37,38.52,53.82,91,100,12.12,moderate rain
306,Genhe,CN,50.7833,121.5167,49.1,36,62,5.59,broken clouds
307,Rangapara,IN,26.8167,92.65,76.26,95,99,3.0,overcast clouds
308,Hualmay,PE,-11.0964,-77.6139,61.3,85,55,8.3,broken clouds
309,Marang,MY,5.2056,103.2059,89.51,66,95,4.81,overcast clouds
310,Ocos,GT,14.5094,-92.1933,81.0,82,31,4.9,scattered clouds
311,Sangar,RU,63.9242,127.4739,39.9,53,67,11.45,broken clouds
312,Bathsheba,BB,13.2167,-59.5167,83.01,69,40,23.02,scattered clouds
313,San Isidro,PE,-12.1167,-77.05,59.5,80,90,1.01,overcast clouds
314,Ustrzyki Dolne,PL,49.4304,22.5938,50.13,100,3,6.11,clear sky
315,Ilulissat,GL,69.2167,-51.1,18.59,79,82,5.03,broken clouds
316,Richards Bay,ZA,-28.783,32.0377,58.95,81,100,4.83,light rain
317,Yulara,AU,-25.2406,130.9889,80.44,14,0,10.36,clear sky
318,Esperance,AU,-33.8667,121.9,67.84,42,0,8.28,clear sky
319,Inirida,CO,3.8653,-67.9239,76.71,90,100,2.91,overcast clouds
320,Rio Grande,BR,-32.035,-52.0986,53.94,74,82,13.69,broken clouds
321,Sinjai,ID,-5.1241,120.253,86.61,58,11,8.7,few clouds
322,Sioux Lookout,CA,50.1001,-91.917,52.18,100,1,2.3,clear sky
323,Nishihara,JP,26.1842,127.7558,87.85,64,40,19.57,scattered clouds
324,San Patricio,US,28.017,-97.5169,80.83,81,98,2.57,overcast clouds
325,Marawi,PH,7.9986,124.2928,73.65,87,100,6.31,light rain
326,Nhulunbuy,AU,-12.2333,136.7667,88.41,55,20,13.8,few clouds
327,Waddan,LY,29.1614,16.139,71.91,43,2,7.0,clear sky
328,Tongzi,CN,28.7829,105.0877,86.41,61,77,4.43,broken clouds
329,Cidreira,BR,-30.1811,-50.2056,60.76,78,99,11.77,overcast clouds
330,Varna,BG,43.2167,27.9167,48.43,93,20,2.3,fog
331,Aripuana,BR,-9.1667,-60.6333,74.7,78,44,0.47,scattered clouds
332,Namie,JP,37.4833,141.0,87.78,59,3,1.01,clear sky
333,Hirara,JP,24.8,125.2833,87.66,66,20,20.71,few clouds
334,Bullhead City,US,35.1478,-114.5683,87.71,20,1,0.0,clear sky
335,Mnogovershinnyy,RU,53.9353,139.9242,41.22,57,89,12.75,overcast clouds
336,Corrente,BR,-3.7367,-43.3394,74.53,89,1,4.27,clear sky
337,Puerto Leguizamo,CO,-0.1934,-74.7819,72.5,98,56,1.34,broken clouds
338,Saint-Georges,GD,12.0564,-61.7485,83.88,74,20,24.16,few clouds
339,Los Llanos De Aridane,ES,28.6585,-17.9182,69.55,70,90,11.5,overcast clouds
340,Beringovskiy,RU,63.05,179.3167,39.2,98,100,20.67,light rain
341,Port Blair,IN,11.6667,92.75,85.1,69,44,9.53,scattered clouds
342,Iwanai,JP,42.9744,140.5089,68.41,94,100,14.23,moderate rain
343,Teguldet,RU,57.3064,88.1667,35.96,80,100,3.74,overcast clouds
344,Bani Walid,LY,31.7566,13.9942,65.55,84,0,2.42,clear sky
345,Mahajanga,MG,-15.7167,46.3167,77.02,65,20,5.75,few clouds
346,Warrnambool,AU,-38.3833,142.4833,52.81,89,88,27.42,overcast clouds
347,Porto Novo,BJ,6.4965,2.6036,78.62,92,100,3.38,overcast clouds
348,Lanciano,IT,42.2167,14.3882,62.94,59,0,4.83,clear sky
349,Jijiga,ET,9.35,42.8,68.7,66,71,2.48,broken clouds
350,Poitiers,FR,46.5833,0.3333,50.79,54,0,6.91,clear sky
351,Erenhot,CN,43.6475,111.9767,51.17,31,100,1.16,light rain
352,Huaihua,CN,27.5494,109.9592,92.84,42,0,9.06,clear sky
353,Udala,ES,43.0778,-2.5125,49.21,98,45,3.69,scattered clouds
354,Borogontsy,RU,62.6683,131.1683,38.86,52,26,6.31,scattered clouds
355,Srednekolymsk,RU,67.45,153.6833,28.33,76,99,9.26,overcast clouds
356,Maracaju,BR,-21.6144,-55.1683,75.31,79,86,3.83,overcast clouds
357,Dakar,SN,14.6937,-17.4441,79.68,81,83,8.77,broken clouds
358,Adrar,MR,20.5022,-10.0711,83.21,10,9,11.18,clear sky
359,Pandan Niog,PH,6.2282,120.5631,80.04,85,100,12.88,light rain
360,Majene,ID,-3.5403,118.9707,84.67,63,31,5.68,scattered clouds
361,Gisborne,NZ,-38.6533,178.0042,61.45,88,100,8.1,overcast clouds
362,College,US,64.8569,-147.8028,33.28,96,90,5.75,overcast clouds
363,Nelson Bay,AU,-32.7167,152.15,84.0,42,0,19.66,clear sky
364,Chicama,PE,-7.8447,-79.1469,59.54,86,66,6.11,broken clouds
365,Krasnyy Chikoy,RU,50.3643,108.7512,39.56,74,98,4.63,overcast clouds
366,Moyale,KE,3.5167,39.0584,68.99,72,67,9.33,broken clouds
367,Sabla,NG,12.7525,4.7077,79.02,65,1,4.85,clear sky
368,Krasnoselkup,RU,65.7,82.4667,28.36,78,87,6.15,overcast clouds
369,Whitehorse,CA,60.7161,-135.0538,32.81,90,90,5.01,light shower snow
370,Comodoro Rivadavia,AR,-45.8667,-67.5,49.86,46,0,23.02,clear sky
371,Alihe,CN,50.5667,123.7167,51.13,35,43,5.64,scattered clouds
372,Berlevag,NO,70.8578,29.0864,48.42,82,100,31.52,light rain
373,Westport,US,41.1415,-73.3579,70.95,95,99,3.0,overcast clouds
374,Greenwood,US,34.1668,-82.1165,70.48,63,75,0.0,broken clouds
375,Cortes,ES,41.9395,-1.4396,54.03,70,19,12.48,few clouds
376,Fairbanks,US,64.8378,-147.7164,34.61,94,90,5.75,light snow
377,San Cristobal,VE,7.7669,-72.225,73.58,98,97,2.44,overcast clouds
378,Tres Arroyos,AR,-38.3739,-60.2798,39.49,68,2,7.99,clear sky
379,Winnemucca,US,40.973,-117.7357,48.25,27,1,4.61,clear sky
380,Waipawa,NZ,-41.4122,175.5153,53.46,96,100,4.79,overcast clouds
381,Okato,NZ,-39.2,173.8833,63.43,87,94,5.41,overcast clouds
382,Akhty,RU,41.4597,47.7312,54.45,83,57,1.48,broken clouds
383,Fredonia,US,42.4401,-79.3317,68.11,95,90,6.91,overcast clouds
384,Bloomington,US,44.8408,-93.2983,58.64,87,1,3.13,clear sky
385,Olovyannaya,RU,50.95,115.5667,47.73,47,93,10.54,overcast clouds
386,Tigil,RU,57.8,158.6667,39.7,96,100,15.73,light rain
387,Quatre Cocos,MU,-20.2078,57.7625,75.09,75,80,13.35,light rain
388,Namibe,AO,-15.1961,12.1522,59.14,89,0,4.23,clear sky
389,Atambua,ID,-9.1061,124.8925,85.68,51,4,6.2,clear sky
390,Carauari,BR,-4.8828,-66.8958,74.93,95,94,1.74,overcast clouds
391,Puerto Colombia,CO,10.9878,-74.9547,82.49,81,100,9.48,overcast clouds
392,Almaznyy,RU,48.0448,40.045,46.54,52,99,11.54,overcast clouds
393,Mumford,GH,5.2618,-0.759,76.37,91,14,5.41,few clouds
394,Gobabis,NA,-22.45,18.9667,50.99,25,0,7.67,clear sky
395,Narrabri,AU,-30.3167,149.7833,77.09,31,40,11.5,scattered clouds
396,Miraflores,MX,19.2167,-98.8083,60.03,92,98,1.92,overcast clouds
397,Portland,US,45.5234,-122.6762,60.21,86,20,1.01,few clouds
398,Adwa,ET,14.1646,38.8955,68.59,53,63,2.1,broken clouds
399,Ternate,ID,0.8,127.4,82.74,77,83,11.65,broken clouds
400,Verdun,FR,49.25,5.3333,53.2,91,100,8.3,overcast clouds
401,Tilichiki,RU,60.4667,166.1,37.63,95,100,19.98,light rain
402,Puerto Ayacucho,VE,5.6639,-67.6236,74.97,92,72,2.93,light rain
403,Kavieng,PG,-2.5744,150.7967,84.06,69,100,7.74,overcast clouds
404,Kysyl-Syr,RU,63.8986,122.7617,40.32,51,84,5.86,broken clouds
405,Pisco,PE,-13.7,-76.2167,60.85,82,20,11.5,few clouds
406,Ahar,IR,38.4774,47.0699,54.66,70,13,4.81,few clouds
407,Geraldton,AU,-28.7667,114.6,68.41,52,0,14.97,clear sky
408,Fort-Shevchenko,KZ,44.5086,50.263,56.75,36,100,18.5,overcast clouds
409,Belmonte,BR,-15.8631,-38.8828,77.5,87,6,9.75,clear sky
410,Alice Springs,AU,-23.7,133.8833,81.95,14,0,9.22,clear sky
411,Smidovich,RU,48.6,133.8167,52.47,49,45,7.27,scattered clouds
412,Antigonish,CA,45.6169,-61.9986,52.02,95,79,8.61,broken clouds
413,Henties Bay,NA,-22.116,14.2845,52.86,91,1,3.58,clear sky
414,Nagato,JP,34.3833,131.2,86.45,63,33,11.39,scattered clouds
415,Praia,CV,14.9215,-23.5087,81.14,83,40,5.75,scattered clouds
416,Zhangye,CN,38.9342,100.4517,54.32,29,100,1.16,overcast clouds
417,Cherskiy,RU,68.75,161.3,18.84,98,90,4.52,overcast clouds
418,Deputatskiy,RU,69.3,139.9,20.91,79,47,6.87,scattered clouds
419,Saint-Augustin,CA,51.226,-58.6502,41.34,88,100,8.28,overcast clouds
420,Peshkovo,RU,47.0187,39.3885,49.05,44,96,16.24,overcast clouds
421,Oudtshoorn,ZA,-33.5907,22.2014,44.96,84,11,0.76,few clouds
422,Lufilufi,WS,-13.8745,-171.5986,87.58,77,13,21.39,few clouds
423,Turangi,NZ,-39.0,175.9333,55.4,93,98,1.5,overcast clouds
424,Maniitsoq,GL,65.4167,-52.9,37.6,66,21,6.31,few clouds
425,Monteagudo,BO,-19.8167,-63.9833,56.07,94,100,5.03,overcast clouds
426,Mana,GF,5.6592,-53.7767,78.64,84,8,10.02,clear sky
427,Oktyabrskoye,RU,43.0645,44.7417,47.5,98,100,4.43,overcast clouds
428,Ust-Nera,RU,64.5667,143.2,31.87,58,44,4.03,scattered clouds
429,Klaksvik,FO,62.2266,-6.589,47.32,85,54,11.39,broken clouds
430,Salacgriva,LV,57.7536,24.3581,47.89,74,62,16.15,broken clouds
431,Niceville,US,30.5169,-86.4822,78.71,87,40,0.0,scattered clouds
432,Kupang,ID,-10.1667,123.5833,84.72,61,91,11.12,overcast clouds
433,Pachino,IT,36.7186,15.0907,64.44,73,1,3.98,clear sky
434,Gumdag,TM,39.2061,54.5906,62.89,15,21,29.19,few clouds
435,Binga,ZW,-17.6203,27.3414,77.68,53,61,0.47,broken clouds
436,Micheweni,TZ,-4.9667,39.8333,78.24,72,40,8.81,scattered clouds
437,Gushikawa,JP,26.3544,127.8686,87.8,59,20,20.71,few clouds
438,Palmas,BR,-10.2128,-48.3603,78.67,83,0,4.61,clear sky
439,Asadabad,IR,34.7824,48.1185,53.55,27,0,5.06,clear sky
440,Abu Dhabi,AE,24.4667,54.3667,87.91,62,0,6.91,clear sky
441,Oksfjord,NO,70.2396,22.3479,54.52,83,100,20.4,overcast clouds
442,Qasigiannguit,GL,68.8193,-51.1922,20.61,89,82,3.8,broken clouds
443,Victoria Point,AU,-27.5833,153.3,99.48,61,0,4.0,clear sky
444,Thohoyandou,ZA,-22.9456,30.485,57.65,87,99,7.11,overcast clouds
445,Ulu-Telyak,RU,54.9086,56.9669,37.33,56,4,9.08,clear sky
446,Rostovka,RU,55.3842,71.8891,33.37,76,98,14.12,overcast clouds
447,Jacareacanga,BR,-6.2222,-57.7528,74.59,77,52,1.14,broken clouds
448,Morant Bay,JM,17.8815,-76.4093,78.42,84,100,8.77,overcast clouds
449,Kodinsk,RU,58.6881,99.1844,40.95,53,78,5.55,broken clouds
450,Touros,BR,-5.1989,-35.4608,74.3,83,19,12.48,few clouds
451,Souillac,MU,-20.5167,57.5167,75.36,88,40,3.44,light rain
452,Carmona,PH,14.3,121.0167,86.41,69,100,11.81,light rain
453,Nouakchott,MR,18.0858,-15.9785,76.93,83,57,11.18,broken clouds
454,Angostura,MX,25.3667,-108.1833,82.99,61,98,2.91,overcast clouds
455,Polonnaruwa,LK,7.9333,81.0,83.03,67,100,4.7,light rain
456,Maningrida,AU,-12.0667,134.2667,90.43,54,13,13.27,few clouds
457,Chihuahua,MX,28.5,-106.0,64.22,63,100,2.71,overcast clouds
458,North Platte,US,41.1239,-100.7654,61.38,65,1,3.44,clear sky
459,Mahbubabad,IN,17.6167,80.0167,86.85,67,23,1.9,few clouds
460,Mandalgovi,MN,45.7625,106.2708,45.19,34,50,8.52,scattered clouds
461,Salaga,GH,8.5508,-0.5188,73.67,93,75,4.83,broken clouds
462,Kagadi,UG,0.9606,30.7967,64.71,88,100,0.94,overcast clouds
463,Lavrentiya,RU,65.5833,-171.0,28.15,78,34,4.99,scattered clouds
464,Viedma,AR,-40.8135,-62.9967,45.84,50,36,9.84,scattered clouds
465,Kobayashi,JP,31.9833,130.9833,83.17,53,6,8.08,clear sky
466,Trinidad,BO,-14.8333,-64.9,82.92,55,70,4.74,broken clouds
467,Bonthe,SL,7.5264,-12.505,75.74,92,95,4.0,overcast clouds
468,Celestun,MX,20.8667,-90.4,79.0,81,46,11.43,scattered clouds
469,Erdenet,MN,49.0333,104.0833,39.13,54,26,3.09,scattered clouds
470,San Carlos De Bariloche,AR,-41.1456,-71.3082,38.95,65,40,21.85,scattered clouds
471,Yarada,IN,17.65,83.2667,89.92,66,20,2.3,haze
472,Faya,SA,18.3851,42.4509,62.71,42,8,3.8,clear sky
473,Paamiut,GL,61.994,-49.6678,37.63,60,38,8.95,scattered clouds
474,Parabel,RU,58.6978,81.4825,35.33,91,100,9.15,overcast clouds
475,Salalah,OM,17.0151,54.0924,81.99,74,98,8.39,overcast clouds
476,Bud,US,39.447,-86.1758,64.85,94,10,6.22,clear sky
477,Hastings,GB,50.8552,0.5729,55.9,90,63,20.96,broken clouds
478,Syracuse,IT,37.0881,15.2792,65.89,70,0,1.52,clear sky
479,Najran,SA,17.4924,44.1277,79.45,37,40,1.36,scattered clouds
480,Wajid,SO,3.8093,43.2471,77.67,65,87,16.2,overcast clouds
481,Cockburn Town,TC,21.4612,-71.1419,81.1,67,100,17.05,overcast clouds
482,Koltsovo,RU,54.9376,83.1825,34.99,94,100,1.01,light rain
483,Nabire,ID,-3.3667,135.4833,87.3,62,92,5.14,overcast clouds
484,Tuatapere,NZ,-46.1333,167.6833,52.83,81,99,6.64,overcast clouds
485,Warrington,GB,53.3925,-2.5802,50.32,93,56,1.01,broken clouds
486,Moron,AR,-34.6534,-58.6198,53.35,69,1,3.44,clear sky
487,Anloga,GH,5.7947,0.8973,80.82,87,8,7.0,clear sky
488,Sorong,ID,-0.8833,131.25,86.95,60,85,13.76,overcast clouds
489,Kuytun,RU,54.3419,101.5036,42.96,60,95,3.42,overcast clouds
490,Tommot,RU,58.9564,126.2925,39.22,62,38,6.64,scattered clouds
491,Pergamino,AR,-33.89,-60.5736,46.26,56,0,4.21,clear sky
492,Laurinburg,US,34.7741,-79.4628,72.01,90,81,6.69,broken clouds
493,San Jose De Rio Tinto,HN,14.9333,-85.7,80.17,98,31,1.99,scattered clouds
494,Cherkasskoye,RU,52.4333,47.2167,46.83,85,100,6.42,overcast clouds
495,Vaitape,PF,-16.5167,-151.75,78.66,72,13,10.67,few clouds
496,Mikhaylovka,RU,50.06,43.2379,46.85,69,7,8.72,clear sky
497,Koumac,NC,-20.5667,164.2833,77.2,76,56,11.45,broken clouds
498,Turukhansk,RU,65.8167,87.9833,32.45,82,96,4.99,overcast clouds
499,Shitanjing,CN,39.2342,106.3439,56.08,27,100,6.33,overcast clouds
500,Kaniama,CD,-7.5667,24.1833,67.26,90,100,1.39,overcast clouds
501,Paidha,UG,2.4167,30.9855,64.04,86,68,1.21,broken clouds
502,Buraydah,SA,26.326,43.975,73.85,12,7,3.89,clear sky
503,Kharovsk,RU,59.9642,40.1912,39.11,91,20,3.49,light rain
504,Okhotsk,RU,59.3833,143.3,44.17,55,90,22.21,overcast clouds
505,Somerset East,ZA,-32.7217,25.588,47.32,76,58,2.13,broken clouds
506,Lubaczow,PL,50.157,23.1234,47.28,69,36,9.51,scattered clouds
507,Poshekhonye,RU,58.4993,39.1353,44.19,81,100,4.14,overcast clouds
508,Taltal,CL,-25.4,-70.4833,58.66,70,0,2.66,clear sky
509,Burns Lake,CA,54.2331,-125.7533,33.22,86,13,3.2,few clouds
510,Corinto,GR,37.9407,22.9573,64.76,67,100,3.94,overcast clouds
511,Freire,CL,-38.95,-72.6333,37.2,100,0,3.44,clear sky
512,Wangou,CN,42.0623,126.9127,53.02,76,100,4.47,overcast clouds
513,Plettenberg Bay,ZA,-34.0527,23.3716,51.48,76,17,6.11,few clouds
514,Quelimane,MZ,-17.8786,36.8883,81.27,64,15,5.55,few clouds
515,Covington,US,39.0837,-84.5086,68.22,95,90,3.0,overcast clouds
516,Tocopilla,CL,-22.092,-70.1979,60.1,73,14,6.4,few clouds
517,Camacari,BR,-12.6975,-38.3242,76.77,95,10,4.43,clear sky
518,Sorland,NO,67.667,12.6934,60.87,87,100,17.52,overcast clouds
519,Tooele,US,40.5308,-112.2983,60.64,50,1,5.75,clear sky
520,Vila Franca Do Campo,PT,37.7167,-25.4333,73.2,91,93,5.79,overcast clouds
521,Roshchino,RU,60.2519,29.6085,42.22,88,4,11.97,clear sky
522,Letka,RU,59.6011,49.4232,35.69,77,79,3.8,broken clouds
523,Gidam,IN,18.9833,81.4,87.85,62,62,1.7,broken clouds
524,Doha,QA,25.2867,51.5333,91.38,66,0,11.5,clear sky
525,Havre-Saint-Pierre,CA,50.2334,-63.5986,48.2,87,40,4.61,scattered clouds
526,Zhigansk,RU,66.7697,123.3711,32.29,68,98,5.03,overcast clouds
527,Garowe,SO,8.4054,48.4845,79.5,64,84,14.12,broken clouds
528,Zhaoyuan,CN,37.3592,120.3964,69.8,75,88,16.71,overcast clouds
529,Guarapari,BR,-20.6667,-40.4975,78.69,89,80,6.2,broken clouds
530,Gat,IL,31.61,34.7642,71.4,70,3,2.62,clear sky
531,Kutum,SD,14.2,24.6667,73.11,31,16,13.42,few clouds
532,Bilgoraj,PL,50.5411,22.722,46.65,69,70,8.08,broken clouds
533,Polyanka,UA,50.2584,27.6881,45.73,65,99,8.63,overcast clouds
534,Poum,NC,-20.2333,164.0167,75.65,82,17,11.72,few clouds
535,Tupik,RU,54.4253,119.9327,44.53,44,13,2.93,few clouds
536,Yomou,GN,7.5603,-9.2653,68.58,99,45,0.47,scattered clouds
537,Santa Rosa,PH,14.3122,121.1114,87.85,69,100,11.3,moderate rain
538,Beloha,MG,-25.1667,45.05,74.12,67,61,6.11,broken clouds
539,Veshenskaya,RU,49.6303,41.7334,47.21,71,19,10.2,few clouds
540,Mogadishu,SO,2.0371,45.3438,80.47,89,75,13.8,broken clouds
541,Ostrovnoy,RU,68.0531,39.5131,46.47,76,100,28.97,overcast clouds
542,Half Moon Bay,US,37.4636,-122.4286,74.44,60,1,0.0,clear sky
543,Mabaruma,GY,8.2,-59.7833,72.57,100,100,2.39,overcast clouds
544,Ayni,TJ,39.3941,68.5377,58.23,45,4,2.82,clear sky
545,Gigmoto,PH,13.7796,124.39,83.05,85,99,13.62,light rain
546,Visnes,NO,59.3556,5.2242,55.58,76,40,18.41,scattered clouds
547,Gravdal,NO,68.1214,13.5031,60.69,63,75,25.32,moderate rain
548,Bikapur,IN,26.6,82.1333,88.79,62,7,4.23,clear sky
549,Raiganj,IN,25.6167,88.1167,80.98,83,95,10.33,overcast clouds
550,Longonjo,AO,-12.9067,15.2533,60.4,73,58,1.9,broken clouds
551,Nioro,GM,13.35,-15.75,77.86,87,98,4.12,overcast clouds
552,Morondava,MG,-20.2833,44.2833,79.54,68,1,2.73,clear sky
553,Hun,LY,29.1268,15.9477,72.23,42,2,6.46,clear sky
554,Blagoveshchenka,RU,52.8333,79.8667,39.99,72,100,9.57,light rain
555,Constitucion,CL,-35.3333,-72.4167,48.24,72,0,6.64,clear sky
556,Alpena,US,45.0617,-83.4327,62.94,99,100,4.0,overcast clouds
557,Groningen,NL,53.25,6.75,53.02,79,100,4.0,overcast clouds
558,Ust-Barguzin,RU,53.45,108.9833,41.92,65,100,4.94,light rain
559,Udachnyy,RU,66.4167,112.4,33.19,65,91,5.26,overcast clouds
560,Saint-Joseph,RE,-21.3667,55.6167,75.58,75,30,8.97,scattered clouds
561,Calama,CL,-22.4667,-68.9333,50.56,14,0,7.36,clear sky
562,Codrington,AU,-38.2667,141.9667,49.68,87,99,17.76,overcast clouds
563,Kaitong,CN,44.8135,123.15,56.32,46,65,8.93,broken clouds
564,Tateyama,JP,34.9833,139.8667,83.14,70,3,11.27,clear sky
565,Walvis Bay,NA,-22.9575,14.5053,53.1,87,0,10.36,clear sky
566,Riyadh,SA,24.6877,46.7219,82.45,15,0,0.0,clear sky
567,Amahai,ID,-3.3333,128.9167,82.83,67,36,6.02,scattered clouds
568,Lokosovo,RU,61.1333,74.8167,33.42,77,49,6.96,scattered clouds
569,Ayagoz,KZ,47.9714,80.4392,46.31,45,100,17.92,overcast clouds
570,Chake Chake,TZ,-5.2459,39.7666,79.02,67,32,8.95,scattered clouds
571,Karratha,AU,-20.7377,116.8463,82.76,33,0,13.82,clear sky
572,Gornopravdinsk,RU,60.05,69.9,32.43,76,100,6.71,overcast clouds
573,Sembakung,ID,3.8167,117.25,84.13,64,100,0.98,overcast clouds
574,Jati,PK,24.3539,68.2671,88.56,53,6,18.7,clear sky
575,Leningradskiy,RU,69.3833,178.4167,17.74,84,35,2.42,scattered clouds
576,Shubarshi,KZ,48.5872,57.1869,50.92,45,100,8.37,overcast clouds
577,Sungurlu,TR,40.1675,34.3739,52.56,74,5,2.51,clear sky
578,Derzhavinsk,KZ,51.1,66.3167,36.16,60,35,16.35,scattered clouds
579,Sisimiut,GL,66.9395,-53.6735,32.95,70,68,5.91,broken clouds
580,Mayo,US,38.8876,-76.5119,75.94,80,73,3.0,broken clouds
581,Sterling,US,39.0062,-77.4286,74.25,84,75,1.01,broken clouds
582,Malmesbury,ZA,-33.4608,18.7271,52.79,84,0,6.6,clear sky
583,Beian,NO,63.6559,9.5683,57.0,58,0,24.16,clear sky
584,Northam,GB,51.0333,-4.2167,53.1,95,84,11.88,broken clouds
585,Belaya Gora,RU,68.5333,146.4167,29.97,68,86,10.13,overcast clouds
586,Iralaya,HN,15.0,-83.2333,79.43,84,15,7.07,few clouds
587,Kungsbacka,SE,57.4872,12.0761,56.05,93,100,5.99,overcast clouds
588,Matamoros,MX,25.5333,-103.25,67.86,70,98,5.12,overcast clouds
589,Minab,IR,27.1467,57.0801,89.1,60,47,4.16,scattered clouds
590,Harper,LR,4.375,-7.7169,76.33,89,46,3.42,light rain
591,Tigzirt,DZ,36.8886,4.1198,70.0,74,3,6.91,clear sky
592,Hervey Bay,AU,-25.2986,152.8535,81.03,86,3,23.78,clear sky
593,Biskamzha,RU,53.4497,89.5272,41.32,47,100,3.36,overcast clouds
594,Sarospatak,HU,48.3167,21.5833,52.34,65,0,2.46,clear sky
595,Ewo,CG,-0.8725,14.8206,72.61,90,100,2.48,light rain
596,Labuhan,ID,-6.8844,112.2051,86.49,58,97,10.87,overcast clouds
597,Olafsvik,IS,64.8945,-23.7142,40.91,75,100,29.64,overcast clouds
598,Tadine,NC,-21.55,167.8833,76.64,85,43,9.8,scattered clouds
599,Vanimo,PG,-2.6741,141.3028,84.47,71,98,5.99,overcast clouds
600,Immokalee,US,26.4187,-81.4173,78.91,87,40,0.0,scattered clouds
601,Banda Aceh,ID,5.5577,95.3222,85.08,65,22,8.79,few clouds
602,Puerto Escondido,MX,15.85,-97.0667,80.1,87,92,6.4,overcast clouds
603,Le Port,RE,-20.9373,55.2919,77.0,69,12,3.83,few clouds
604,Luba,GQ,3.4568,8.5547,76.89,85,100,2.19,light rain
605,Candolim,IN,15.5181,73.7626,84.2,79,40,3.44,scattered clouds
606,Mayumba,GA,-3.432,10.6554,75.15,87,100,6.55,overcast clouds
607,Guacimo,CR,10.2104,-83.6807,82.0,96,96,2.64,overcast clouds
608,Thunder Bay,CA,48.4001,-89.3168,56.55,96,75,0.0,broken clouds
609,Farsund,NO,58.0948,6.8047,56.95,84,10,12.28,clear sky
610,Otjimbingwe,NA,-22.35,16.1333,61.02,23,0,5.66,clear sky
611,Pedernales,DO,18.0384,-71.744,80.46,55,100,5.12,overcast clouds
612,Chippewa Falls,US,44.9369,-91.3929,58.96,91,1,4.61,clear sky
613,Dogondoutchi,NE,13.6393,4.0287,82.35,60,2,6.62,clear sky
614,San Juan,AR,-31.5375,-68.5364,58.73,21,14,1.21,few clouds
615,Kiunga,PG,-6.1219,141.2906,92.86,48,60,2.66,broken clouds
616,Marsh Harbour,BS,26.5412,-77.0636,80.24,70,22,11.61,few clouds
617,Gebre Guracha,ET,9.8,38.4,54.64,83,82,2.55,broken clouds
618,Nanticoke,US,41.2054,-76.0049,69.73,96,100,2.24,overcast clouds
619,Ixtapa,MX,20.7,-105.2,79.23,97,98,1.99,overcast clouds
620,Fort Morgan,US,40.2503,-103.8,63.25,17,1,6.91,clear sky
621,Santiago,CL,-33.4569,-70.6483,55.85,52,0,1.14,clear sky
622,Bima,ID,-8.4667,118.7167,92.89,42,11,5.61,few clouds
623,Calvia,ES,39.5657,2.5062,67.91,72,99,9.6,moderate rain
624,Sobolevo,RU,54.4299,31.8996,43.59,85,99,7.36,overcast clouds
625,Yumen,CN,40.2833,97.2,55.22,29,82,13.51,broken clouds
626,Wajima,JP,37.4,136.9,83.08,57,0,11.5,clear sky
627,Prabumulih,ID,-3.45,104.25,92.8,51,99,1.57,overcast clouds
628,Ribeira Brava,PT,32.65,-17.0667,72.01,79,100,6.89,overcast clouds
629,Avera,US,33.194,-82.5271,71.65,79,95,3.69,overcast clouds
630,Corn Island,NI,12.1694,-83.0418,82.89,76,52,10.69,broken clouds
631,Kamaishi,JP,39.2667,141.8833,83.35,58,32,10.0,scattered clouds
632,Zhongshan,CN,21.3226,110.5829,87.49,65,14,17.31,light rain
633,Makokou,GA,0.5738,12.8642,69.1,100,100,0.58,moderate rain
634,Mingguang,CN,32.7802,117.9638,93.85,42,40,8.66,light rain
635,Grindavik,IS,63.8424,-22.4338,41.47,81,40,23.02,scattered clouds
636,Teguise,ES,29.0605,-13.564,70.02,83,90,10.36,overcast clouds
637,Saint-Francois,FR,46.4154,3.9054,51.48,96,90,6.91,overcast clouds
638,Lagos,NG,6.5833,3.75,75.92,94,85,2.04,overcast clouds
639,Marystown,CA,47.1666,-55.1483,47.86,100,47,8.99,scattered clouds
640,Tazovskiy,RU,67.4667,78.7,34.23,76,100,13.04,overcast clouds
641,Wladyslawowo,PL,54.7909,18.4009,54.93,78,100,12.86,overcast clouds
642,Nuuk,GL,64.1835,-51.7216,36.88,86,24,5.01,few clouds
643,Zelenoborskiy,RU,66.845,32.3622,45.72,85,100,12.8,overcast clouds
644,Catuday,PH,16.2923,119.8062,85.06,64,100,4.0,overcast clouds
645,Bundaberg,AU,-24.85,152.35,81.21,72,4,11.99,clear sky
646,Ayan,RU,56.45,138.1667,44.35,44,20,18.12,few clouds
647,Smyrna,US,33.884,-84.5144,69.66,94,90,0.0,overcast clouds
648,Birao,CF,10.2849,22.7882,73.02,85,81,3.22,broken clouds
649,Santiago Del Estero,AR,-27.7951,-64.2615,46.8,42,56,4.72,broken clouds
650,Saquarema,BR,-22.92,-42.5103,70.77,96,100,3.8,overcast clouds
651,Matara,LK,5.9485,80.5353,84.61,70,100,10.63,overcast clouds
652,Severomuysk,RU,56.1481,113.4267,25.75,69,88,4.27,overcast clouds
653,Salekhard,RU,66.53,66.6019,34.9,71,100,10.83,overcast clouds
654,Iisalmi,FI,63.5592,27.1907,46.42,86,69,13.0,broken clouds
655,Argentan,FR,48.75,-0.0167,51.57,94,44,9.46,scattered clouds
656,Kibala,TD,9.1104,18.3463,76.95,88,0,0.0,clear sky
657,Brenham,US,30.1669,-96.3977,75.47,80,1,0.0,clear sky
658,Mastung,PK,29.7994,66.845,68.88,16,1,3.11,clear sky
659,Kropotkin,RU,45.4375,40.5756,49.59,82,100,15.28,moderate rain
660,Pitkyaranta,RU,61.5734,31.4792,45.9,89,5,14.76,clear sky
661,Baglung,NP,28.2719,83.5898,78.58,68,13,5.21,few clouds
662,Skibotn,NO,69.3913,20.2679,59.0,88,100,26.75,overcast clouds
663,Batagay,RU,67.6333,134.6333,30.09,59,36,1.07,scattered clouds
664,Bulawayo,ZW,-20.15,28.5833,62.37,78,93,12.97,overcast clouds
665,Columbus,US,39.9612,-82.9988,66.81,94,90,6.91,overcast clouds
666,Riachao,BR,-7.3619,-46.6172,75.7,63,8,0.85,clear sky
667,Channel-Port Aux Basques,CA,47.5702,-59.1367,50.83,77,61,13.31,broken clouds
668,Waharoa,NZ,-37.7667,175.7667,68.99,91,77,4.74,broken clouds
669,Meulaboh,ID,4.1363,96.1285,84.02,64,96,4.21,overcast clouds
670,Chimbote,PE,-9.0853,-78.5783,61.27,88,92,10.27,overcast clouds
671,Susanville,US,40.4163,-120.653,57.04,33,1,4.0,clear sky
672,Krasnik,PL,50.9236,22.2271,50.56,66,53,10.96,broken clouds
673,Ust-Kuyga,RU,70.0167,135.6,26.08,83,95,5.08,overcast clouds
674,Terra Santa,BR,-2.1042,-56.4869,74.91,91,81,3.2,broken clouds
675,Takoradi,GH,4.8845,-1.7554,76.26,91,49,4.56,light rain
676,Chapais,CA,49.7834,-74.8492,38.98,90,0,4.83,clear sky
677,Tromso,NO,69.6496,18.957,57.85,62,75,19.57,broken clouds
678,Ullapool,GB,57.8987,-5.1604,51.35,92,87,6.78,overcast clouds
679,Jalu,LY,29.0331,21.5482,67.06,56,0,7.02,clear sky
680,Bambanglipuro,ID,-7.95,110.2833,82.02,63,63,10.18,broken clouds
681,Loukhi,RU,66.0764,33.0381,44.26,84,99,12.01,overcast clouds
682,Ambon,ID,-3.6954,128.1814,84.34,79,40,5.75,scattered clouds
683,Namtsy,RU,62.7161,129.6658,32.11,43,23,10.51,few clouds
684,Tabas,IR,33.5959,56.9244,75.11,18,0,1.05,clear sky
